{
	"IcoMoonType": "selection",
	"icons": [
		{
			"icon": {
				"paths": [
					"M1024 397.050l-353.78-51.408-158.22-320.582-158.216 320.582-353.784 51.408 256 249.538-60.432 352.352 316.432-166.358 316.432 166.358-60.434-352.352 256.002-249.538zM512 753.498l-0.942 0.496 0.942-570.768 111.736 226.396 249.836 36.304-180.788 176.222 42.678 248.83-223.462-117.48z"
				],
				"tags": [
					"star",
					"rate",
					"half"
				],
				"grid": 16
			},
			"properties": {
				"id": 207,
				"order": 1,
				"prevSize": 32,
				"code": 58882,
				"name": "star2",
				"ligatures": ""
			},
			"setIdx": 0,
			"iconIdx": 207
		},
		{
			"icon": {
				"paths": [
					"M276.48 716.8h471.040l-235.571-409.6z"
				],
				"tags": [
					"arrow-up",
					"triangle",
					"up",
					"top"
				],
				"grid": 20
			},
			"properties": {
				"id": 203,
				"order": 2,
				"prevSize": 20,
				"code": 58883,
				"name": "arrow-up",
				"ligatures": ""
			},
			"setIdx": 3,
			"iconIdx": 203
		},
		{
			"icon": {
				"paths": [
					"M747.52 307.251l-471.040-0.051 235.52 409.6z"
				],
				"tags": [
					"arrow-down",
					"triangle",
					"down",
					"bottom"
				],
				"grid": 20
			},
			"properties": {
				"id": 202,
				"order": 3,
				"prevSize": 20,
				"code": 58884,
				"name": "arrow-down",
				"ligatures": ""
			},
			"setIdx": 3,
			"iconIdx": 202
		},
		{
			"icon": {
				"paths": [
					"M1088 128h-1024c-35.2 0-64 28.8-64 64v640c0 35.2 28.8 64 64 64h1024c35.2 0 64-28.8 64-64v-640c0-35.2-28.8-64-64-64zM640 256h128v128h-128v-128zM832 448v128h-128v-128h128zM448 256h128v128h-128v-128zM640 448v128h-128v-128h128zM256 256h128v128h-128v-128zM448 448v128h-128v-128h128zM128 256h64v128h-64v-128zM128 448h128v128h-128v-128zM192 768h-64v-128h64v128zM768 768h-512v-128h512v128zM1024 768h-192v-128h192v128zM1024 576h-128v-128h128v128zM1024 384h-192v-128h192v128z"
				],
				"width": 1152,
				"tags": [
					"keyboard",
					"type",
					"typing"
				],
				"grid": 16
			},
			"properties": {
				"id": 81,
				"order": 4,
				"prevSize": 32,
				"code": 58880,
				"name": "keyboard",
				"ligatures": ""
			},
			"setIdx": 0,
			"iconIdx": 81
		}
	],
	"height": 1024,
	"metadata": {
		"name": "icomoon"
	},
	"preferences": {
		"fontPref": {
			"prefix": "icon-",
			"metadata": {
				"fontFamily": "icomoon"
			},
			"showGlyphs": true,
			"metrics": {
				"emSize": 512,
				"baseline": 6.25,
				"whitespace": 50
			},
			"resetPoint": 58880,
			"showQuickUse": true,
			"quickUsageToken": false,
			"showMetrics": true,
			"showMetadata": false
		},
		"imagePref": {
			"color": 0,
			"height": 32,
			"columns": 16,
			"margin": 16,
			"png": false,
			"sprites": true
		},
		"historySize": 100,
		"showCodes": true,
		"gridSize": 16,
		"showLiga": false,
		"showGrid": true,
		"showGlyphs": true,
		"showQuickUse": true
	}
}